﻿<?xml version="1.0" encoding="utf-8"?>
<?xml-stylesheet type="text/xsl" href="c:\program files (x86)\microsoft visual studio\2017\enterprise\team tools\static analysis tools\fxcop\Xml\CodeAnalysisReport.xsl"?>
<FxCopReport Version="15.0">
 <Localized>
  <String Key="Category">Category</String>
  <String Key="Certainty">Certainty</String>
  <String Key="CollapseAll">Collapse All</String>
  <String Key="CheckId">Check Id</String>
  <String Key="Error">Error</String>
  <String Key="Errors">error(s)</String>
  <String Key="ExpandAll">Expand All</String>
  <String Key="Help">Help</String>
  <String Key="Line">Line</String>
  <String Key="Messages">message(s)</String>
  <String Key="LocationNotStoredInPdb">[Location not stored in Pdb]</String>
  <String Key="Project">Project</String>
  <String Key="Resolution">Resolution</String>
  <String Key="Rule">Rule</String>
  <String Key="RuleFile">Rule File</String>
  <String Key="RuleDescription">Rule Description</String>
  <String Key="Source">Source</String>
  <String Key="Status">Status</String>
  <String Key="Target">Target</String>
  <String Key="Warning">Warning</String>
  <String Key="Warnings">warning(s)</String>
  <String Key="ReportTitle">Code Analysis Report</String>
 </Localized>
 <Exceptions>
  <Exception Keyword="CA0064" Kind="Engine" TreatAsWarning="True">
   <Type>Microsoft.FxCop.Sdk.FxCopException</Type>
   <ExceptionMessage>No analysis was performed because the specified rule set could not be loaded or did not contain any managed code analysis rules.</ExceptionMessage>
  </Exception>
  <Exception Keyword="CA0063" Kind="Engine" TreatAsWarning="True">
   <Type>Microsoft.FxCop.Sdk.FxCopException</Type>
   <ExceptionMessage>* Failed to load rule set file 'C:\Program Files (x86)\Microsoft Visual Studio\2017\Professional\Team Tools\Static Analysis Tools\Rule Sets\ManagedMinimumRules.ruleset' or one of its dependent rule set files. </ExceptionMessage>
  </Exception>
 </Exceptions>
</FxCopReport>
